<?xml version="1.0" encoding="UTF-8"?>
<!DOCTYPE suite SYSTEM "https://testng.org/testng-1.0.dtd">
<suite name="Suite">
  <test thread-count="2" name="Test">
   <!-- <groups >
      <run>
      <include name="logoutRequired"/>
      </run>
      </groups>-->
    <classes>
      <class name="com.phptravels.script.AdminBackEndTest">
      <methods>
      <include name="blank_Credentials_Admin_Login"/>
      <include name="inValid_Admin_Login"/>
      <include name="valid_Admin_Login"/>      
      <include name="check_Admin_Bookings_Link"/>
      <include name="display_Invoice_of_Payment_Successful"/>
      <include name="delete_Cancelled_Booking"/>
      <include name="change_Pending_To_Confirmed"/>
      <include name="check_Website_Link"/>
      </methods>
           
      </class>
    </classes>
  </test> <!-- Test -->
</suite> <!-- Suite -->
