<?xml version="1.0" encoding="UTF-8"?>
<!DOCTYPE suite SYSTEM "https://testng.org/testng-1.0.dtd">
<suite name="Suite">
  <test thread-count="2" name="Test">
  
    <classes>
      <class name="com.phptravels.script.CustomerFrontEndTest">
      <methods>
      <include name="valid_Customer_Login"/>   
      <include name="check_My_Bookings_Link"/>
      <include name="displaying_Voucher"/>
      <include name="check_Add_Funds_Link"/>
      <include name="pay_PayPal"/>
      <include name="check_My_Profile_Link"/>
      <include name="change_Address"/>
      <include name="check_Logout_Link"/>
      <include name="blank_Credentials_Customer_Login"/> 
      <include name="inValid_Customer_Login"/>
     
      </methods>
      </class>
    </classes>
  </test> <!-- Test -->
</suite> <!-- Suite -->
