<?xml version="1.0" encoding="UTF-8"?>
<!DOCTYPE suite SYSTEM "https://testng.org/testng-1.0.dtd">
<suite name="Suite">
  <test thread-count="2" name="Test">
   <!-- <groups >
      <run>
      <include name="logoutRequired"/>
      </run>
      </groups>-->
    <classes>
      <class name="com.phptravels.script.SupplierBackEndTest">
      <methods>
       <include name="blank_Credentials_Supplier_Login"/>
      <include name="inValid_Supplier_Login"/>
      <include name="valid_Supplier_Login"/>      
      <include name="check_Display_Of_Revenue_Breakdown"/>
      <include name="change_Pending_To_Confirmed"/>
      <include name="check_Display_Of_SalesOverviewandSummary"/>
      <include name="check_Display_And_Clickable_Of_Tours_Link"/>
      <include name="check_Display_And_Clickable_Of_Bookings_Link"/>
      </methods>
           
      </class>
    </classes>
  </test> <!-- Test -->
</suite> <!-- Suite -->
